{
    "0": "Venus and Adonis",
    "1": "A Midsummer Night's Dream",
    "10": "Love's Labor's Lost",
    "11": "Lucrece",
    "12": "All's Well That Ends Well",
    "13": "Macbeth",
    "14": "Measure for Measure",
    "15": "Much Ado About Nothing",
    "16": "Othello",
    "17": "Pericles, Prince of Tyre",
    "18": "Richard III",
    "19": "Richard II",
    "2": "Henry VI, Part 1",
    "20": "Romeo and Juliet",
    "21": "Sonnets",
    "22": "The Comedy of Errors",
    "23": "Antony and Cleopatra",
    "24": "The Merchant of Venice",
    "25": "The Merry Wives of Windsor",
    "26": "The Phoenix and Turtle",
    "27": "The Taming of the Shrew",
    "28": "The Tempest",
    "29": "The Two Gentlemen of Verona",
    "3": "Henry VI, Part 2",
    "30": "The Two Noble Kinsmen",
    "31": "The Winter's Tale",
    "32": "Timon of Athens",
    "33": "Titus Andronicus",
    "34": "As You Like It",
    "35": "Troilus and Cressida",
    "36": "Twelfth Night",
    "37": "Coriolanus",
    "38": "Cymbeline",
    "39": "Hamlet",
    "4": "Henry VI, Part 3",
    "40": "Henry IV, Part I",
    "41": "Henry IV, Part 2",
    "5": "Henry VIII",
    "6": "Henry V",
    "7": "Julius Caesar",
    "8": "King John",
    "9": "King Lear"
  }